{
  "lower": true,
  "stem": false,
  "min_freq": 750,
  "seed": 42,
  "alpha": 0.0001,
  "num_epochs": 100,
  "analyzer": "word",
  "ngram_max_range": 5,
  "learning_rate": 0.010679822985560824,
  "power_t": 0.3242807429303102,
  "shuffle": true,
  "subset": null,
  "threshold": 0.20235829432987767
}
